{"weights": 5.336155456996256, "bias": -0.0005995581191612629}